col0,col1,col2
4.735185547512066329e-02,1.153551247200088614e+00,0
-2.691503813292994707e-02,1.106465746899151004e+00,0
2.850438774581620649e-02,8.542216371536454078e-01,0
-1.380833531115078117e+00,5.443984836886349710e-01,0
6.660087663252810541e-01,-2.155399894968768604e-01,1
1.127472041276191161e+00,3.000999432405931366e-01,0
4.227402866915534463e-01,1.099222947259475669e+00,0
1.920325363235929617e+00,1.918336442573305156e-01,1
-8.386678608203539387e-01,3.678473229028826896e-01,0
1.454436636854040454e+00,-1.073393919270614061e-01,1
7.866979952352277650e-01,8.250545241181375111e-01,0
9.241099467876637830e-01,-4.944273277574717795e-01,1
-3.072860817906470365e-01,1.484958998652623485e+00,0
-7.343796628524337233e-01,1.248424292918006939e+00,0
5.380902526879254300e-01,1.097725170911001857e+00,0
-9.321481670672334685e-01,-1.819079312427820949e-02,0
3.649384340000029203e-01,-3.399860177926904981e-01,1
3.595825982323535563e-01,7.337867210958283204e-01,0
6.380036049220659811e-01,-3.407855624256163063e-01,1
1.914577244456875382e-01,7.469709080419694169e-01,0
7.206885408574115193e-01,1.217520223239182409e-02,1
2.413653332224874326e-01,8.708584978426870959e-01,0
9.806186372873183510e-01,7.550165925003938794e-01,0
6.040649770664091589e-01,7.119302907306586103e-01,0
1.528613876469940569e-01,9.699159300315025600e-01,0
7.302911857562874864e-01,-6.056716725058641781e-02,1
6.052201716506246110e-02,2.843841839772919267e-01,1
1.000080481749723305e+00,3.130237774386168681e-02,0
-3.874224183565469493e-02,1.815360295329242479e-01,1
5.987440611606772434e-01,8.080588011692884098e-01,0
1.260394335498901786e+00,-4.391559044711617066e-01,1
8.657039885514583588e-01,7.416938467717154593e-01,0
7.978237061466482150e-01,7.974614388282351696e-01,0
-1.882703602723609926e-01,8.295513032876441484e-01,0
-6.946108400685442330e-01,5.226122219822872950e-01,0
1.842357319733966659e+00,-1.119474586855159770e-01,1
-9.406322744148449821e-01,4.732167038187811148e-01,0
-2.116636729396940281e-03,5.817934334794310214e-01,1
4.369564455887367527e-01,7.259415620092967147e-01,0
1.733068822470781312e+00,3.557159700119170154e-01,1
1.493910866269152482e+00,-5.859715438240540308e-01,1
5.790721837475972800e-01,-6.301274111142162182e-01,1
-3.714968987168715264e-02,8.792180886508078608e-01,0
1.839266422500093867e+00,4.055149037147469659e-01,1
3.035655332909610871e-01,2.623642708120482170e-01,1
-1.935774187184576278e-01,4.750733303278971142e-01,1
1.950054727476281391e+00,5.436076113323998760e-01,1
1.078361364808444023e+00,5.658723663303961704e-01,0
1.454413062746612750e+00,-1.210732160468439567e-01,1
-8.744211305044543581e-01,4.252660166172031464e-01,0
3.162184890434695250e-02,9.566368143946434310e-01,0
1.100892134387271959e+00,-1.576785063025316069e-01,0
1.026276040845754078e+00,3.589747863087382473e-01,0
3.620686229463566663e-01,9.710292092131299624e-01,0
4.461549019810960304e-01,3.341350159069582104e-01,1
2.356895822781527983e+00,3.775961230595510365e-01,1
-1.170069104611811683e+00,4.684353289135360643e-01,0
6.206895757872458175e-01,-1.923019186699090888e-01,1
1.829953340757503488e+00,-2.192894711790242535e-01,1
6.399567012158187129e-01,5.700501563389252790e-02,1
-2.791893673442154000e-01,8.729696241385666022e-01,0
-7.118268911733032223e-01,2.213957554734692912e-01,0
-5.021514126158119762e-01,8.371773140431795213e-01,0
8.127722249430599510e-02,8.945461188048343670e-01,0
-1.155940149471177181e+00,5.792134422619561462e-01,0
7.705437901391049005e-01,-4.927181434276956540e-01,1
1.532513098967477116e+00,-2.256668889384708110e-01,1
5.417251674102687709e-01,-5.216247357649219651e-01,1
-8.099923304744217623e-01,7.156693159832081541e-01,0
2.216147110365195072e+00,4.240552602441960417e-01,1
7.284628685045316798e-01,5.878907206395682650e-01,0
3.036686965372102365e-01,4.563987958799824857e-02,1
7.558158405627986021e-01,9.038798099438934974e-01,0
8.504951641100816362e-02,1.022606885778014396e+00,0
2.169201682952243693e-01,6.031244466944328531e-02,1
1.784231114460829826e+00,4.679754029377537483e-01,1
-8.953737417715094959e-02,1.314152075498414618e+00,0
8.924270567190052406e-01,1.033962538046698132e+00,0
1.901093808367371185e-02,8.212381483550070804e-01,0
-8.712132632734532756e-01,-1.085020433722060779e-01,0
1.409342905051615968e+00,-2.073362619045280575e-01,1
7.863747539308282297e-01,-3.615360802982047206e-01,1
2.406546078074688066e-01,5.428333747358496386e-02,1
-1.074709618265220934e+00,-2.299086291224403111e-01,0
1.800521633883859218e-01,-3.735672969529028609e-01,1
-1.398574893984966927e+00,2.268453888423492826e-01,0
-3.470687474065300426e-01,5.631487426696284437e-01,0
1.261012544061208329e+00,-5.662476640704492414e-01,1
6.272104297600306078e-01,-3.157323208800338898e-01,1
1.615388028757877015e+00,-1.880955915830335445e-01,1
1.599188175937973355e+00,-9.996506724079590178e-02,1
-8.619715901166713490e-02,3.275050920600967586e-01,1
7.826265211731765481e-01,-3.987748283395690096e-01,1
-1.946463854084000134e-01,1.560168996291622368e-01,1
2.181580966299168645e-01,6.769025120816215546e-01,0
1.578422466591920204e+00,1.648522980787787140e-01,1
1.648576535862440462e-01,-2.025613668854485683e-01,1
1.082554183352357757e+00,-6.987443082302432495e-01,1
2.106631187703671859e+00,5.073207804412255273e-01,1
1.698087691737165394e-01,8.028072217260823207e-01,0
1.006592118709873862e+00,-6.644785332477665118e-01,1
6.407074231089965322e-01,8.848799076850771828e-01,0
3.373515173261961708e-01,8.122872335153749068e-01,0
-6.741820673254698137e-01,6.535269344530877378e-01,0
-9.230271711335702456e-01,2.453651516622019635e-01,0
1.054094115862343362e+00,1.445255759817534735e-01,0
3.296496082828229701e-01,5.167137230633401801e-01,1
1.616316263275004994e+00,-6.230712713786903389e-01,1
-6.027751336780567959e-01,8.001115736649541121e-01,0
1.195802519032630018e+00,1.686124465793843175e-01,0
8.906508564451315335e-01,7.328543808996710318e-01,0
-4.352612597952206230e-01,9.880111132629918469e-01,0
7.558278179273146824e-01,5.413577319492621776e-01,0
1.135082486532582369e+00,-7.800173706329792678e-01,1
6.116060345595054626e-01,6.953448393482630774e-01,0
8.339823317490354659e-01,-3.625232443544950112e-01,1
-7.755613919887155427e-01,2.442053263076011393e-01,0
1.233919640858658129e+00,-3.767545483708942267e-01,1
4.330220771207994868e-01,8.918609240801161908e-01,0
1.460351494809510653e+00,-1.767065770180637485e-01,1
1.554052370461107557e+00,-7.580298721951562735e-01,1
-4.974714331400953982e-01,9.512939636960335843e-01,0
8.999724348194189094e-01,2.183279496518761853e-01,0
1.915928961522061158e+00,3.504196078241571533e-01,1
2.025222081923331863e-01,-2.920726683386592470e-01,1
5.281767248971921402e-01,5.360259334286863186e-01,0
7.181930103349420946e-01,6.672286644561185032e-01,0
1.549033325636171021e+00,-6.910517158625029133e-02,1
1.270185975548490998e+00,-5.719124315525997426e-01,1
-1.010484972353015820e+00,3.723621391144630310e-01,0
2.165376998186980262e-01,-1.293634273154771128e-02,1
1.910664379568646210e+00,3.304983127493540951e-02,1
8.118361289237832068e-01,-5.271063003301788008e-01,1
1.790187063066835282e+00,2.019290002072708090e-01,1
4.031060405918740486e-02,1.224714205981181525e+00,0
9.636546472507333538e-01,-5.468630244067663737e-01,1
1.449345046228358858e-01,-2.215162151891843789e-01,1
5.617696301760147781e-01,-6.659926892969048051e-01,1
-5.607038424265513576e-01,9.914708118210011634e-01,0
3.339820651542931285e-01,8.472618838635739280e-01,0
1.559335511899174520e+00,-4.443659411731262221e-01,1
-1.796282378406126590e-01,8.043849124459656608e-01,0
-8.562489047084662630e-01,1.247845363479535563e-02,0
9.874785759963060627e-01,2.131351946840045475e-01,0
-5.545035276080502173e-01,9.483183421733720753e-02,0
7.215979699746656317e-01,1.224444565664104090e+00,0
5.120542720528782343e-01,-4.908280736854789272e-01,1
5.669933427101603307e-01,-3.868903638276445234e-01,1
1.956282157716436432e+00,1.315032040172914862e-01,1
3.253617246503935911e-01,-4.243277153481056496e-01,1
2.100841722366807662e+00,1.522998533123962883e-01,1
5.509839032030454664e-01,2.821220074890410379e-01,0
-2.664796806227609505e-02,1.175251829487291122e+00,0
1.581457593235186421e+00,-3.410077847463967027e-01,1
1.738139919814519985e+00,-4.238433054692030688e-01,1
-3.708676901509163626e-01,6.192808810439653922e-01,1
-1.812638671106920341e-01,1.074212563136248466e+00,0
5.484474604710073420e-01,-2.453846821726324290e-02,0
2.091745883455906174e+00,1.303959181106263410e-01,1
1.984044317930651946e+00,1.226514237427590581e-01,1
5.769120990847571573e-01,-1.861570510214298757e-01,1
1.118468764460052611e+00,-5.686520704899178380e-01,1
5.863301209663550617e-01,-7.623265713386554454e-01,1
1.764276563388818664e+00,-1.424324535003422265e-01,1
8.710427637336193296e-01,3.491354758493131483e-01,0
2.890851715778484099e-01,-2.070121738707900449e-01,1
-6.270861752738944306e-01,1.028954805969671149e+00,0
8.225943365870305168e-01,8.415531113580638767e-01,0
1.946938131652142800e+00,2.901988765534063708e-01,1
-4.253733047103264164e-02,3.520900410920035917e-01,1
1.178518726401606598e+00,1.311173493760415809e-01,0
-6.392302969907981414e-02,9.384615766133921344e-01,0
4.837933435240928670e-01,2.880657642998721291e-01,0
1.474890864852862471e+00,-6.463024191723305556e-01,1
7.216207737434174874e-01,1.285945961243356583e-01,0
1.677992432062703987e+00,2.026468234187039918e-02,1
1.605677064971777479e-01,9.998110719144701619e-01,0
3.415166710994842481e-01,1.093035750733625910e+00,0
6.117936963937948835e-01,-2.419971841046353878e-01,1
2.234421752314312837e-01,9.375007519608751227e-01,0
2.223057416018941468e-01,1.063821183831223038e+00,0
-1.007330631832585421e+00,7.357130094133954579e-01,0
1.859516272607189213e+00,1.153790664583326797e-01,1
-1.298402873069698149e+00,7.852214935542603524e-02,0
1.723713798485679183e+00,5.368063028124646641e-01,1
3.303785947213533913e-01,-4.737041427971745433e-01,1
1.669067623610865081e-01,1.010044487335598484e+00,0
7.938038338906195923e-01,5.830132641217858902e-01,0
6.884960373890613994e-02,1.144948736492222618e+00,0
-7.626165424626819567e-01,8.972302907199325439e-02,0
4.306593100472233537e-01,3.053409144097372074e-01,1
-3.641299321507668330e-02,8.986710907720952823e-01,0
1.228339779046435654e+00,-4.929867583319729740e-01,1
1.255427065487745963e+00,5.949797322297262214e-02,0
8.560590409400898881e-01,-4.848530466975362607e-01,1
-4.811048736576361007e-01,9.537528630036367083e-01,0
7.529759153535160454e-01,7.671622418569125079e-01,0
-1.213579587835147855e+00,3.599162010981166726e-01,0
1.806222199532730333e+00,-4.796621907469419410e-01,1
-5.809676485060942808e-01,7.830206860747482844e-01,0
-8.276840612095818228e-01,8.788283567279516761e-01,0
1.476466560925506100e+00,-2.766460731055022659e-01,1
1.326803500260672397e+00,-3.931820664266017507e-01,1
9.514727639303940387e-01,-1.460490916811391093e-01,0
9.026678529540868023e-01,-4.891179660237785498e-01,1
2.089189992564604914e+00,1.502100108130972056e-01,1
1.963269857366291227e+00,8.482917667305180931e-01,1
1.681045610534288581e+00,-2.693651618368896328e-01,1
-7.972628145278443101e-01,2.538760736183725553e-01,0
9.751380753983750205e-02,2.244957725633475454e-01,1
-9.537840179379180050e-01,9.248013536245872079e-02,0
-6.851001445174405013e-01,8.345865812146058271e-01,0
-3.383758575952337533e-01,1.005458678105860315e+00,0
1.375376266109395340e+00,-3.369801723533065729e-01,1
8.397234568550507872e-01,8.974126850347442508e-01,0
1.590067900413364432e-01,1.433333961779697407e+00,0
-9.678116742504561110e-01,2.139213468561799170e-01,0
-3.275994857056540588e-01,1.377533254213536118e+00,0
1.417776250493381074e-01,1.436334100533725566e+00,0
-4.209738320169396641e-01,6.204069473005310309e-01,0
-3.889932173680628602e-01,4.012104534135748635e-01,0
1.650331839010999779e+00,-1.663112213670487616e-01,1
2.591829588376598492e-02,4.435523266938833781e-02,1
4.770369167545376876e-01,-4.489525063893104462e-01,1
-1.102257526291711365e+00,6.501494992607707024e-01,0
7.719728905882444758e-01,-8.133408689851845397e-02,1
-3.651233190477681245e-01,8.206093794499819127e-01,0
2.607214072465692256e-01,-3.421696533703874055e-01,1
1.648071554078260226e+00,-3.400764917541307941e-01,1
1.749484673975244320e+00,-7.768225763568471498e-01,1
-7.368811528997498694e-01,8.222316795006696655e-01,0
4.948728447649616835e-01,1.434583204872055540e-01,1
2.190083906431170124e+00,1.073487230533037295e-01,1
1.029710862105320590e+00,-1.452119534951510083e-01,0
-4.739552216480572566e-01,8.065421103342730325e-01,0
7.666766842698597983e-01,4.975543329740603760e-01,0
1.803258776788903006e-01,-4.002094216459911591e-02,1
7.019817792845576276e-01,-6.085914067656204018e-01,1
1.107992506201773919e+00,4.669766043367125086e-01,0
1.909338748969380051e+00,3.223277199104083168e-01,1
-8.963065414557249699e-01,6.319698263004467353e-01,0
-4.233611899712759752e-01,6.976858377287795676e-01,0
-6.885914381880352542e-01,9.533004192658429687e-01,0
7.402008251412789397e-02,8.840110036054537046e-01,0
4.415949930330507200e-01,8.322211734430762231e-01,0
5.807839773614331680e-02,-5.903523172802906949e-01,1
-8.589151450700340806e-01,3.934814954147299315e-01,0
-2.987192761260095142e-01,-1.127018594899989318e-01,1
1.764441030488397150e-02,1.001501359990985968e-01,1
3.260961875851045022e-01,-1.692020495528710478e-01,1
2.033314419299845077e-01,1.291506379640493529e+00,0
2.431036774785057530e-01,4.101040143547016736e-01,0
-6.991548954867566890e-01,4.339694908209124624e-01,0
1.859102306817049799e+00,-3.115450315911448831e-01,1
-3.028373692206033363e-01,1.020734597207304528e+00,0
1.905336042026907761e-01,-1.798673363008030379e-01,1
9.268763468621665780e-01,4.698399503084306206e-01,0
-6.104338392327962604e-01,6.512714785057619471e-01,0
-1.286463899670382827e-01,-2.556301902241742141e-02,1
9.628763814872344229e-01,-3.897000579958732058e-01,0
2.113503552100851834e+00,1.706959165364577424e-01,1
-9.427248566628433357e-01,8.011487480046337595e-01,0
1.060383641871047278e+00,6.809336954504854322e-01,0
7.879129270059962442e-01,-6.779030194159713085e-01,1
7.286563378040278316e-01,1.044657710522231442e+00,0
1.605853152496171221e+00,-1.652492684390674260e-01,1
1.073405102079678375e-01,8.726019150483653730e-01,0
9.272057440056525879e-01,-3.007599829633639255e-01,1
8.297025481868861574e-01,1.356384719149898443e-01,0
1.434000011471760372e+00,-3.464708661357819297e-01,1
2.158465567664802354e+00,3.553644882869071847e-02,1
-6.224416950559228390e-01,5.384982055028523229e-01,0
-3.824898535871990024e-02,5.990154024294180868e-01,1
5.883356082096968809e-01,5.479780861256380309e-01,0
4.021974720212417864e-01,9.045424788737080890e-01,0
4.162891362448408739e-01,-2.446996627368563382e-01,1
1.995713595355861791e+00,1.049370919644569966e-01,1
1.775082825361032901e+00,-1.650653611290116562e-01,1
1.569293298022552907e+00,1.072388353756916352e-01,1
1.041287802770073823e+00,1.467943417243167126e-01,0
1.622173374320603934e+00,-3.514410081709551381e-02,1
-4.844658629637730862e-01,9.626381377721973109e-01,0
9.506970508290711885e-01,-3.138388552579770008e-01,1
3.162173949730748279e-01,8.427920319271117178e-01,0
8.157051282662843850e-01,-4.795667765470060795e-01,1
2.687741267273348056e-01,-1.059487002759529339e-02,1
7.594264275785462814e-01,-8.498218055675637039e-01,1
8.768711059081205628e-01,-2.287136812877067493e-01,1
5.063137375262388024e-02,6.205207605303122431e-01,1
3.755488634205517151e-02,8.365079441305713903e-01,0
4.512641012383684092e-01,-4.778376394733299670e-01,1
8.809118752285212128e-01,-5.632831407000664647e-01,1
1.007064760025221828e+00,5.608891130525461843e-01,0
6.898122514974026620e-01,-8.543705069799405472e-01,1
6.076290191222570858e-01,-6.721925912509800760e-01,1
-1.087958517931545688e-01,7.255293703313164810e-02,1
-6.100144413279876554e-01,9.870665179999845718e-01,0
4.235484074321121950e-01,-2.531451268686031320e-01,1
1.321499042837255278e+00,-6.800337055186856938e-01,1
-7.804576550104649346e-01,6.020433157335001173e-01,0
2.137932384371901584e+00,3.227269491729412021e-02,1
-9.498767084364484470e-01,5.519376719838978707e-01,0
7.812068422961134795e-01,4.595560528910098141e-01,0
-3.964480890129840618e-01,1.129386610083840115e+00,0
1.144587586881969488e+00,4.261178653043437570e-01,0
2.236147777729637465e+00,3.521120757499145437e-01,1
-6.513931116709900659e-02,1.010363077821989364e-01,1
1.000405260725778511e+00,-6.064044047381953462e-01,1
-1.104725466027285607e+00,-1.450633187286698433e-02,0
3.677083256578104753e-01,-6.198484644009388811e-02,1
4.600927018034985383e-01,1.051960390528397182e+00,0
-7.701267423289585023e-01,7.916531169019660474e-01,0
-3.183652139237835299e-01,5.002301646152652603e-01,0
8.794036635671362290e-02,-4.125512834219238756e-02,1
-2.356535278033941583e-01,-2.617189209017724005e-01,1
9.824847926767030781e-01,-3.894051679567107072e-01,1
8.912192213643257421e-01,2.737381576091180158e-01,0
1.786984087471777505e+00,2.646277898083999047e-01,1
-1.290453475126106753e+00,2.718591707714260730e-01,0
-3.555778631388764599e-01,1.228688886601011276e+00,0
6.765250227952683826e-01,-1.982915878168426960e-01,1
-1.059098661522225981e+00,5.307005661230693172e-02,0
-9.772324555369739096e-01,3.636427148498738715e-03,0
7.965183962166416665e-03,1.025862312362212592e+00,0
1.023046604906937773e+00,8.088702741552458719e-02,0
1.670829962021905368e+00,-2.732777411886514463e-01,1
2.776304739487892581e-01,1.144148743627781739e+00,0
2.882686599795309945e-01,-5.272254835281857677e-01,1
-1.673907455563856117e-01,1.112995207575892209e+00,0
2.670879967579981029e-02,7.031324225685671170e-01,1
2.033226875626454433e+00,7.734469689367080569e-01,1
3.602817618549408740e-01,2.780160013538440777e-01,1
7.546260783628149227e-01,5.403137837709214297e-01,0
-7.623030010919892296e-01,7.067917452991557825e-01,0
5.254096984828185990e-01,7.343848252670635013e-01,0
1.929125366418076748e+00,2.354594097431660926e-01,1
2.038675339575819923e+00,-2.066858702991252739e-01,1
7.838100749151311053e-01,-1.516887266276666923e-01,1
1.633403929865914428e+00,-2.353005534720288006e-01,1
5.199131182417282560e-01,-3.367651875110358461e-01,1
6.980082231200792631e-01,-4.101863648432104159e-01,1
4.230267361967239848e-01,7.500370844280842553e-01,0
1.100819790848957425e+00,1.614705406227870954e-01,0
5.646108571414278909e-01,-8.779221749200280533e-02,1
-8.415693526095542332e-01,-7.623550989053437532e-02,0
-1.000196169256909240e+00,8.482536963323966672e-02,0
-8.350903849315078897e-01,4.472842069027970213e-01,0
-1.068779707329852613e+00,5.680401506407182222e-01,0
1.229253295440693394e+00,3.185642508762753788e-02,0
2.232331620157628649e+00,3.941960721635945353e-01,1
3.227259073941100564e-01,-2.441367460585036897e-01,1
-8.650226289197726626e-01,8.284503537972273679e-02,0
-5.220671527920475175e-01,9.594222736199877755e-01,0
-1.065883347132778436e+00,1.221240921196655504e+00,0
1.760262470777581023e-01,-1.065547062070339307e-01,1
1.771381386246846379e+00,-1.948075636111264441e-01,1
1.996810659938115240e+00,3.256059911496566039e-01,1
1.588192916790439169e+00,-2.072580048409404518e-01,1
8.189364082017832613e-01,-4.002991806896603055e-01,1
1.009580573926609492e+00,-5.592095354011278330e-01,1
1.225120715079150990e+00,1.100437143709422222e-01,0
-3.883623134551107969e-01,1.298125021221899766e+00,0
7.700138100978897171e-01,-4.976005756757707066e-01,1
9.498327691756832669e-01,2.158861275759343112e-01,0
6.756692706066786958e-01,-1.658860881696799794e-01,0
-2.553059404653270081e-01,6.970850592993109718e-01,1
1.302400479253212673e+00,-4.702240326953290028e-02,1
1.404315815345575091e-01,-3.062832738912995567e-01,1
2.203274754923325307e-01,8.425164895367466267e-01,0
-6.283465516149661090e-02,1.114973064420226256e+00,0
-7.586592509874947599e-01,6.314918595138668822e-01,0
8.138125736391209619e-01,3.574574522733416915e-01,0
2.154633187272279926e+00,-2.406442062679803318e-02,1
-7.953829915212703439e-01,5.942107067816865262e-01,0
-4.827902795038620520e-01,5.927702582460919745e-01,0
1.134085360508713114e+00,-6.389999352553844547e-01,1
1.392285826756336053e+00,-1.442208965158017775e-01,1
1.813963972416010595e-04,-9.415912434432133216e-02,1
1.049362910311457675e+00,-3.937937202678493120e-01,1
3.799678761551052997e-01,1.511330186067262105e+00,0
1.310427000112711626e-01,1.059908138785829568e+00,0
1.784849613470922192e+00,7.531584935689545901e-01,1
1.593051617745844029e+00,-3.157882009407439461e-01,1
-2.522286863168270998e-01,6.587681487752461429e-02,1
5.948032358569378397e-01,-5.329313274564417835e-02,1
7.532357436772065817e-01,-8.784947061331122020e-03,0
1.973625867995518757e-01,1.395751884514940255e-01,1
-2.820386807101088467e-01,2.090647516830804464e-01,1
2.951007998600068682e-01,7.978422813557887183e-01,0
2.040010426754517603e+00,-4.037856776043420859e-01,1
-1.870784212598879948e-01,8.748259899559688302e-01,0
1.211643421986791536e+00,-1.911430772399145828e-01,0
-7.082869204086232884e-01,3.426125199853966019e-01,0
8.320094796247846647e-01,7.308657961583107099e-01,0
3.383645862660850101e-01,8.569089618403822328e-01,0
-1.672217372228579704e-02,5.615689473129219511e-01,1
5.746875850737567237e-01,5.003570841583790951e-01,0
9.324080297426060593e-01,4.711076307309186029e-01,0
1.909655460172102970e+00,1.227685300558985781e-01,1
-7.175371617780341715e-01,3.011800744864768231e-01,0
-4.010967619108192772e-01,7.319811483994880241e-01,0
3.633610713248675572e-01,-1.827669055711997059e-01,1
2.027548542756250516e+00,4.134665257093915747e-01,1
1.054869282317284274e+00,1.064949444020540370e-01,0
9.933180218657648719e-02,3.936075132774238816e-01,1
9.936230976756565969e-01,-4.039422834416256380e-01,1
9.482073646893338648e-01,5.981262280279738830e-01,0
6.175599551987271951e-01,-4.628538721104646925e-01,1
9.280251293760244380e-01,8.738776668525004288e-02,0
-4.088540192814242302e-01,8.104392341445415537e-02,1
1.621884901130055956e-01,-1.017567888097762746e-01,1
2.139486944470997631e+00,9.856157908391188771e-02,1
-5.502782967416206539e-01,1.396280439034040644e+00,0
-4.586087871770243019e-01,9.731620176899520303e-01,0
3.366142609063548785e-01,1.013478766475037762e+00,0
1.730212623763020208e+00,-4.103722210193579134e-02,1
-9.878977127282719817e-01,1.752073975254468952e-01,0
1.899751441204310609e+00,2.380778839328273611e-01,1
1.053588220771668027e+00,-2.577457556158238017e-01,1
-4.450002043130616425e-01,7.432374451294112561e-01,0
1.527732381922455529e+00,-1.674294946298332809e-01,1
7.997055559405551461e-01,-5.262713987836546981e-01,1
1.487743159158233519e+00,-1.801857378823835676e-01,1
6.866682174762895885e-01,5.089885978949575396e-01,0
1.346179083389944242e-01,-2.647018542536296870e-01,1
1.191607793748108435e+00,-6.498862958781559396e-01,1
6.594553904427047364e-02,1.154196737774489251e-01,1
1.773919678394481947e+00,-3.697032582426285074e-02,1
7.900109256418823556e-01,-1.034399027518917213e+00,1
-6.903338294180402235e-01,7.020901824910533717e-01,0
1.592170044028847764e+00,-4.754049270644142289e-01,1
4.941675016780052165e-01,-8.054860871524280319e-02,1
-1.024504665340473686e+00,3.551528627433495067e-01,0
1.057217292839589540e+00,-1.386171042531926245e-01,0
1.961742365128471333e+00,-2.612633056091318573e-01,1
1.005954474774009899e+00,3.904840049931150858e-01,0
1.774572559142151007e-01,3.907338512452407930e-01,1
7.173383619466225936e-01,5.701266418976445038e-01,0
6.088950917180799838e-01,9.938061583264232723e-01,0
-4.036133552203384212e-01,4.565741005163356792e-01,0
2.001824451964167473e+00,1.861803525665625680e-02,1
-2.116354195462946119e-01,1.268995721947180355e+00,0
8.865435260479683777e-01,5.108757414075653092e-01,0
-6.555597464232904015e-01,7.184274891742554736e-01,0
4.358359193029498480e-02,1.282501380003497893e+00,0
7.298490991659952742e-01,9.039178517339830909e-01,0
3.072852490158926031e-01,7.416645321719738115e-01,0
5.836080676663132349e-01,-8.545626007712763261e-01,
3.336921781438315637e-01,-1.512011293437432735e-01,
6.181274656914554910e-01,-3.233104837387674735e-01,
1.268260734938858603e+00,-6.483348309445291502e-01,
-8.854912846611486810e-01,4.203247251462348677e-01,
1.106641750022631765e+00,4.556314442882656301e-01,
1.214104550380804337e+00,-4.355940545397125607e-01,
3.237203315881675425e-01,-3.670706475619125442e-01,
1.004149055559466763e+00,-3.767868890962928763e-01,
-4.058798835585633036e-01,6.881604075150797861e-01,
1.731957536554468380e+00,-4.303162910785801043e-01,
1.778235428004996121e+00,-7.655048062445830859e-02,
1.839190766205005989e+00,5.946515380028875031e-01,
1.681738390880435530e+00,-2.009411762329443851e-01,
-5.256960194897539740e-01,3.167393857826717452e-01,
-1.576918536523159164e-01,6.392438699613661734e-01,
2.661395330845577889e-01,-2.900948815200113939e-01,
1.161506079063858277e+00,3.035812168027349212e-01,
1.735994504144899586e-01,4.323696416055411995e-01,
1.751671594289757827e+00,-1.457122054988886362e-01,
1.645036524270621081e-01,1.166186924383453727e+00,
2.021739946006986255e-01,1.052448519021669249e+00,
2.436171802121509834e-03,1.423633209787818765e-01,
-4.991900601501273460e-01,8.213856388005738030e-01,
2.632619413864463187e-01,-6.531124802386538697e-01,
1.345733563493688167e-01,1.317411261676089129e+00,
1.673120626094067864e+00,4.828711227062348899e-02,
9.743524645442807053e-01,-1.816366864202844655e-01,
5.484205705569765721e-01,7.144985418938475386e-01,
5.308607100165240178e-01,7.713009875732612652e-01,
-6.517953981622506276e-01,1.018122154089422304e+00,
1.675264772014252834e+00,6.816054181716082461e-01,
2.099170196987008019e+00,-1.808654252919493777e-01,
1.937489033725599219e+00,3.708754396503564921e-02,
1.610822484405952104e-01,1.078101495572519442e+00,
7.765907508595473185e-01,3.793360220556551421e-01,
-7.534668886033254465e-01,3.787183999915653687e-01,
9.110737199076315296e-01,7.968750216812631182e-01,
2.724388657496081834e-01,1.222419219612766561e+00,
-9.770645138609647118e-01,2.400424438563093510e-01,
-1.824054762283995046e-01,8.663431326940885802e-01,
2.513340716299384825e-01,-3.335366139822856235e-01,
-8.755238626309238548e-01,2.678181409607595098e-01,
1.780628414954790406e+00,1.546239105076123721e-01,
4.389133554756336486e-01,7.040939898407401198e-01,
2.135359267053047905e+00,1.686148303746294874e-01,
-9.052302928818408700e-01,4.278878409476544187e-01,
2.027345190975403888e+00,-7.245174021668543407e-02,
7.722892927937702323e-02,-3.455398381997700219e-01,
1.036077777214204687e+00,-4.111799808788996202e-01,
-6.616374404531488729e-01,3.826247905265210414e-01,
6.058761950042813593e-01,3.982505588089367832e-01,
1.190633896794662666e-01,2.919936846419552978e-01,
2.320754968537980245e-01,4.206724835847864274e-01,
-5.565893539990163230e-01,9.208897505846574960e-01,
1.152352633625678635e+00,-7.839529380652787705e-01,
1.324309060294595497e+00,-2.330265077977194399e-01,
6.897654983317972333e-01,-6.621850632419741256e-01,
1.014432651287713316e+00,-2.512661945985948941e-01,
-2.915167888597687273e-01,3.694736875234798656e-01,
5.131629666385761901e-01,-5.845713002239033562e-01,
1.846329218154997287e+00,3.973494808428399416e-01,
-5.262021559009255611e-01,7.297611688573382160e-01,
3.481176274555190520e-01,9.702888976254961384e-02,
7.628219042003666628e-01,9.439523442781688756e-01,
1.483052558453672454e+00,-5.043920375653296873e-01,
-9.172189914694390822e-01,5.902300914827776634e-02,
-5.525885702255228793e-01,9.810687450772396234e-01,
1.890940543873793844e+00,-4.200726218165362624e-02,
2.941876156913793561e-01,-3.097176140347848161e-01,
8.787946445669280182e-01,3.748840922915256391e-01,
6.231780926839011192e-01,8.750727490962690869e-01,
9.577747310196016439e-01,-7.357157503797870368e-02,
9.387353402655101986e-01,9.736218022601940136e-01,
-1.225436279444128473e+00,1.093197584778479170e-01,
-6.216645456201533859e-01,7.065512167625124240e-01,
-1.554190164088544435e-01,1.030400353866925967e+00,
1.961511179141646632e+00,1.018265998470656852e-01,
4.689872975700550839e-01,-5.199057924520849028e-01,
6.703396740415055177e-01,-4.806225305113117074e-01,
-1.528276981615902252e-01,1.239607873749489109e+00,
6.253308569385702675e-01,9.213586694252395848e-01,
-1.149097073134345504e+00,2.287851967165567824e-01,
-2.214044886231863463e-01,5.045610335673548219e-01,
-5.994140817315480874e-01,2.138943456370895058e-01,
1.785103309088875490e+00,-1.312217238136194064e-01,
-5.457535644145877773e-01,7.359764735932294855e-01,
3.182386892036442871e-01,-1.624117353720636592e-01,
-8.353059957154400639e-01,3.377782999204098635e-01,
1.954916486961721656e-01,5.506780040819629907e-01,
7.371047347946219075e-01,-2.058517065005290858e-01,
-1.021116886519193967e+00,2.815163919222927191e-01,
-4.757168208927055053e-01,9.141541045862329185e-01,
4.956384810036743582e-01,-3.399846232742080310e-01,
-8.631131524978588043e-01,7.862396051591897805e-01,
-3.674148768043977720e-02,1.126001433253102757e+00,
1.131815716759894341e+00,-3.482421062283200808e-01,
8.622040141838029914e-01,1.914760428439272189e-01,
7.800983140682764272e-02,3.510445310913903327e-01,
-1.012389177666335405e+00,1.277050923721194442e+00,
-1.294845271048608026e-01,6.965550638278730222e-01,
-2.117041720892363366e-01,8.320066462003178342e-01,
7.904450384955835629e-02,1.235371841547177718e+00,
1.684612991911792701e+00,-3.952305332084116163e-02,
2.027630278434419786e+00,7.713372061459533580e-02,
1.024683498518816072e-01,7.818207021950265290e-01,
-3.774838359865814175e-01,2.624367977926078677e-01,
6.629330119450271841e-01,-3.808608506403755589e-01,
6.015751541184843898e-01,-9.756304050758670687e-01,
-1.261178403253751856e+00,5.286170292024525708e-01,
-8.262966561357774076e-01,3.235787528943130376e-01,
-4.416088861579342550e-02,3.091133100434735326e-01,
-8.849606626960742073e-01,5.352819876033676483e-01,
1.553768354179517308e+00,-1.078173496562259692e-01,
4.328594909398859603e-01,4.043294928019823264e-01,
8.987456347426922565e-02,1.370590622073547538e-02,
-3.330576683065106236e-01,9.721145733567304603e-02,
1.471256016396936595e+00,-9.606468217384173114e-02,
-4.539675815518270374e-01,9.800513198064937370e-01,
1.537062607610053533e-01,4.936058390968233733e-01,
-4.559169295691962165e-01,1.149568097581014747e+00,
2.074959249558066432e+00,4.706960118068859722e-01,
1.805360024177201650e+00,1.817239919343006660e-01,
1.399737752870166441e+00,-5.105106812625026524e-01,
3.311485074800782913e-01,8.477508972971293799e-01,
1.183495918463501440e+00,-5.309839465386115842e-01,
5.946306551958706610e-01,1.137145370571845726e+00,
1.657497320322881329e+00,-2.081177459065135515e-01,
2.904702304525494383e-01,7.452301098005665869e-01,
-7.359047286751269068e-03,9.315560073133901664e-01,
1.331090619167914380e+00,-6.265743942704414815e-01,
3.364865886096107817e-03,-5.486661448255908402e-03,
4.199094401634469453e-01,-2.249892207054794979e-01,
9.183205339589005645e-01,-4.681034883406632319e-01,
4.564610609606761238e-01,5.340813369227599416e-01,
-4.389415296699996638e-01,1.241789617525494549e+00,
-1.082655960829272956e-01,-1.933176315957580715e-01,
8.180726612454650715e-01,4.372498324392867786e-01,
1.560752496420362845e-01,1.321080920755033361e-01,
-8.371599732538090310e-02,5.324296461162545402e-01,
8.281266842865001587e-01,1.035246802094772933e+00,
1.864784933665017519e+00,3.474686005944140899e-01,
1.064936046499597166e+00,5.085487894909633821e-01,
8.309973169026332873e-02,7.064282120343837734e-01,
1.156842145838246516e+00,-7.259857018114599381e-01,
-1.163084463639041610e+00,7.989961805306738940e-02,
1.269345436787343129e+00,-7.617753745515816188e-01,
1.814725885671734096e+00,-3.776317907072335167e-01,
1.534131455698159563e+00,-5.012804944953898056e-01,
2.055877325575925507e-01,2.569822066774180014e-01,
-4.045127118990077264e-02,7.886191426927266490e-02,
1.872052642403514655e+00,2.811973911280793437e-02,
6.421130136791640686e-01,-4.186880389598046648e-01,
